INSERT INTO course VALUES('CS1', '数据结构', '64', 3.0, '秋');
INSERT INTO course VALUES('CS2', '数据库', '64', 4.0, '春');
INSERT INTO course VALUES('CS3', '人工智能', '48', 2.0, '春');
INSERT INTO course VALUES('CS4', '编译原理', '64', 4.0, '秋');
INSERT INTO course VALUES('CS5', '体系结构', '48', 3.0, '秋');
INSERT INTO course VALUES('EE1', '数字电路', '64', 2.0, '秋');
INSERT INTO course VALUES('EE2', '电子技术', '64', 4.0, '春');
INSERT INTO course VALUES('EE3', '控制电机', '64', 4.0, '秋');
INSERT INTO course VALUES('EE4', '数字逻辑', '32', 2.0, '春');

INSERT INTO student VALUES('201530311042', '陈浩鑫', '女', '1984-8-28', 1.69, '计算机系');
INSERT INTO student VALUES('201530541661', '李雨键', '男', '1988-10-28', 1.72, '计算机系');
INSERT INTO student VALUES('201530541838', '吕扬', '男', '1985-8-15', 1.81, '计算机系');
INSERT INTO student VALUES('201530542156', '吴伟斌', '男', '1984-3-15', 1.80, '计算机系');
INSERT INTO student VALUES('201530542262', '杨晓虹', '男', '1988-11-25', 1.76, '计算机系');
INSERT INTO student VALUES('201530471586', '邱伟峰', '男', '1986-1-2', 1.70, '计算机系');
INSERT INTO student VALUES('201536541429', '胡顺宏', '女', '1988-2-1', 1.72, '计算机系');
INSERT INTO student VALUES('201536061248', '柯皓文', '男', '1988-9-23', 1.85, '计算机系');
INSERT INTO student VALUES('201530541364', '何杏萍', '女', '1988-12-23', 1.64, '计算机系');
INSERT INTO student VALUES('201530541746', '林世畅', '男', '1984-5-23', 1.79, '计算机系');
INSERT INTO student VALUES('201530541128', '陈若晖', '男', '1988-4-18', 1.70, '计算机系');
INSERT INTO student VALUES('201530542620', '郑梓悫', '女', '1986-11-11', 1.63, '计算机系');
INSERT INTO student VALUES('201530541067', '陈嘉健', '男', '1988-2-11', 1.68, '计算机系');
INSERT INTO student VALUES('201530541111', '陈润森', '男', '1986-2-25', 1.69, '计算机系');
INSERT INTO student VALUES('201530541487', '黄喜全', '男', '1987-3-14', 1.73, '计算机系');
INSERT INTO student VALUES('201530541678', '李智豪', '女', '1985-9-14', 1.66, '计算机系');
INSERT INTO student VALUES('201530542521', '赵菲苑', '男', '1985-12-1', 1.78, '计算机系');
INSERT INTO student VALUES('201530541371', '何亿', '女', '1988-11-16', 1.58, '计算机系');
INSERT INTO student VALUES('201530541098', '陈可可', '男', '1985-1-4', 1.68, '计算机系');
INSERT INTO student VALUES('201530541418', '胡景铨', '男', '1984-8-1', 1.73, '计算机系');
INSERT INTO student VALUES('201530541210', '邓勇达', '男', '1985-10-15', 1.81, '计算机系');
INSERT INTO student VALUES('201530542545', '赵伟杰', '女', '1987-2-21', 1.59, '计算机系');
INSERT INTO student VALUES('201530541654', '李心妍', '女', '1984-8-24', 1.67, '计算机系');
INSERT INTO student VALUES('201530541043', '陈海康', '男', '1985-5-1', 1.75, '计算机系');
INSERT INTO student VALUES('201592450584', '黄琳', '男', '1984-5-4', 1.82, '计算机系');
INSERT INTO student VALUES('201530541807', '刘俊彦', '男', '1986-4-1', 1.68, '计算机系');
INSERT INTO student VALUES('201530542484', '张智杰', '女', '1987-6-5', 1.63, '计算机系');
INSERT INTO student VALUES('201530542613', '郑晓燕', '男', '1985-1-25', 1.80, '计算机系');
INSERT INTO student VALUES('201530542415', '张朝晖', '男', '1984-3-9', 1.70, '计算机系');
INSERT INTO student VALUES('201530542286', '杨心语', '男', '1987-9-8', 1.80, '计算机系');
INSERT INTO student VALUES('201530541159', '陈钊浩', '女', '1984-5-11', 1.60, '计算机系');
INSERT INTO student VALUES('201536542334', '应澄粲', '男', '1988-5-24', 1.71, '计算机系');
INSERT INTO student VALUES('201530541524', '靳泽宇', '男', '1985-8-19', 1.76, '计算机系');
INSERT INTO student VALUES('201530541340', '何浩宁', '男', '1986-6-26', 1.85, '计算机系');
INSERT INTO student VALUES('201530541692', '梁尉鑫', '男', '1985-5-10', 1.77, '计算机系');
INSERT INTO student VALUES('201530541234', '范晓桐', '男', '1987-10-1', 1.71, '电机系');
INSERT INTO student VALUES('201530542446', '张睿', '男', '1985-5-27', 1.84, '电机系');
INSERT INTO student VALUES('201530541913', '邱子昀', '男', '1988-11-4', 1.70, '电机系');
INSERT INTO student VALUES('201530661079', '冯嘉昌', '女', '1988-12-28', 1.59, '电机系');
INSERT INTO student VALUES('201530381885', '徐映雪', '男', '1985-3-16', 1.80, '电机系');
INSERT INTO student VALUES('201592450587', '刘亚威', '女', '1988-11-1', 1.65, '电机系');
INSERT INTO student VALUES('201530542347', '游德鸿', '女', '1986-4-10', 1.68, '电机系');
INSERT INTO student VALUES('201530541357', '何伟健', '女', '1984-5-26', 1.60, '电机系');
INSERT INTO student VALUES('201530541302', '古超文', '女', '1988-10-9', 1.56, '电机系');
INSERT INTO student VALUES('201530541258', '封含儒', '男', '1984-12-2', 1.74, '电机系');
INSERT INTO student VALUES('201530541975', '孙越', '女', '1986-2-26', 1.69, '电机系');
INSERT INTO student VALUES('201530542187', '肖振鹏', '男', '1984-4-7', 1.70, '电机系');
INSERT INTO student VALUES('201530542033', '王锦杰', '女', '1984-1-20', 1.70, '电机系');
INSERT INTO student VALUES('201530541944', '宋林涵', '男', '1985-3-25', 1.69, '电机系');
INSERT INTO student VALUES('201530541845', '罗睿琪', '男', '1984-11-24', 1.83, '电机系');
INSERT INTO student VALUES('201530541685', '梁浩赞', '女', '1985-2-21', 1.64, '电机系');
INSERT INTO student VALUES('201530542149', '吴松树', '女', '1986-5-17', 1.58, '电机系');
INSERT INTO student VALUES('201530542453', '张熙程', '男', '1987-4-9', 1.81, '电机系');
INSERT INTO student VALUES('201530541937', '沈强', '男', '1988-2-18', 1.78, '电机系');
INSERT INTO student VALUES('201530541876', '麦梓旗', '男', '1985-6-17', 1.69, '电机系');
INSERT INTO student VALUES('201530541166', '陈庄智', '女', '1985-8-1', 1.71, '电机系');
INSERT INTO student VALUES('201530541296', '龚壮邦', '男', '1988-11-25', 1.71, '电机系');
INSERT INTO student VALUES('201530541463', '黄明', '男', '1988-2-6', 1.69, '电机系');
INSERT INTO student VALUES('201530541326', '郭昊岚', '男', '1988-9-2', 1.80, '电机系');
INSERT INTO student VALUES('201535542519', '赵飞扬', '女', '1988-12-21', 1.60, '电机系');
INSERT INTO student VALUES('201530541333', '郭允慈', '男', '1988-4-1', 1.80, '电机系');
INSERT INTO student VALUES('201530541456', '黄凯博', '男', '1984-1-27', 1.70, '电机系');
INSERT INTO student VALUES('201530541401', '洪浩强', '男', '1988-4-7', 1.84, '电机系');
INSERT INTO student VALUES('201530542378', '曾繁忠', '男', '1986-1-23', 1.70, '电机系');
INSERT INTO student VALUES('201530371763', '郑佳炜', '男', '1986-11-13', 1.85, '电机系');
INSERT INTO student VALUES('201530542576', '郑春玲', '男', '1988-2-18', 1.81, '电机系');
INSERT INTO student VALUES('201592450588', '张嘉奥', '男', '1984-9-2', 1.72, '电机系');
INSERT INTO student VALUES('201530542293', '杨奕彬', '女', '1988-9-19', 1.65, '电机系');
INSERT INTO student VALUES('201530542224', '许树雄', '男', '1987-3-7', 1.84, '电机系');
INSERT INTO student VALUES('201530542002', '唐仁杰', '女', '1987-7-21', 1.72, '电机系');
INSERT INTO student VALUES('201592450586', '李研', '女', '1984-2-4', 1.57, '电机系');
INSERT INTO student VALUES('201530541388', '何盈盈', '女', '1987-9-9', 1.60, '电机系');
INSERT INTO student VALUES('201530542231', '许哲', '女', '1985-2-22', 1.58, '电机系');
INSERT INTO student VALUES('201530541623', '李君豪', '男', '1984-4-26', 1.78, '电机系');
INSERT INTO student VALUES('201530371190', '范港平', '女', '1984-4-21', 1.60, '电机系');


INSERT INTO sc VALUES('201530311042', 'CS1', 60);
INSERT INTO sc VALUES('201530311042', 'CS4', 56);
INSERT INTO sc VALUES('201530311042', 'CS2', 79);
INSERT INTO sc VALUES('201530541661', 'CS3', 52);
INSERT INTO sc VALUES('201530541661', 'CS2', 89);
INSERT INTO sc VALUES('201530541661', 'CS4', 66);
INSERT INTO sc VALUES('201530541838', 'CS5', 51);
INSERT INTO sc VALUES('201530541838', 'CS2', 89);
INSERT INTO sc VALUES('201530541838', 'CS4', 78);
INSERT INTO sc VALUES('201530542156', 'CS3', 92);
INSERT INTO sc VALUES('201530542156', 'CS2', 60);
INSERT INTO sc VALUES('201530542156', 'CS5', 56);
INSERT INTO sc VALUES('201530542262', 'CS4', 94);
INSERT INTO sc VALUES('201530542262', 'CS5', 95);
INSERT INTO sc VALUES('201530542262', 'CS2', 92);
INSERT INTO sc VALUES('201530471586', 'CS1', 86);
INSERT INTO sc VALUES('201530471586', 'CS4', 75);
INSERT INTO sc VALUES('201530471586', 'CS5', 80);
INSERT INTO sc VALUES('201536541429', 'CS2', 53);
INSERT INTO sc VALUES('201536541429', 'CS3', 76);
INSERT INTO sc VALUES('201536541429', 'CS4', 76);
INSERT INTO sc VALUES('201536061248', 'CS2', 73);
INSERT INTO sc VALUES('201536061248', 'CS1', 98);
INSERT INTO sc VALUES('201536061248', 'CS3', 56);
INSERT INTO sc VALUES('201530541364', 'CS1', 65);
INSERT INTO sc VALUES('201530541364', 'CS5', 83);
INSERT INTO sc VALUES('201530541364', 'CS3', 97);
INSERT INTO sc VALUES('201530541746', 'CS3', 88);
INSERT INTO sc VALUES('201530541746', 'CS5', 62);
INSERT INTO sc VALUES('201530541746', 'CS4', 98);
INSERT INTO sc VALUES('201530541128', 'CS1', 53);
INSERT INTO sc VALUES('201530541128', 'CS5', 83);
INSERT INTO sc VALUES('201530541128', 'CS4', 86);
INSERT INTO sc VALUES('201530542620', 'CS4', 60);
INSERT INTO sc VALUES('201530542620', 'CS1', 93);
INSERT INTO sc VALUES('201530542620', 'CS2', 73);
INSERT INTO sc VALUES('201530541067', 'CS1', 70);
INSERT INTO sc VALUES('201530541067', 'CS2', 82);
INSERT INTO sc VALUES('201530541067', 'CS5', 52);
INSERT INTO sc VALUES('201530541111', 'CS2', 51);
INSERT INTO sc VALUES('201530541111', 'CS5', 80);
INSERT INTO sc VALUES('201530541111', 'CS1', 93);
INSERT INTO sc VALUES('201530541487', 'CS3', 58);
INSERT INTO sc VALUES('201530541487', 'CS2', 72);
INSERT INTO sc VALUES('201530541487', 'CS4', 100);
INSERT INTO sc VALUES('201530541678', 'CS3', 66);
INSERT INTO sc VALUES('201530541678', 'CS4', 66);
INSERT INTO sc VALUES('201530541678', 'CS2', 81);
INSERT INTO sc VALUES('201530542521', 'CS5', 90);
INSERT INTO sc VALUES('201530542521', 'CS4', 73);
INSERT INTO sc VALUES('201530542521', 'CS3', 60);
INSERT INTO sc VALUES('201530541371', 'CS2', 50);
INSERT INTO sc VALUES('201530541371', 'CS4', 51);
INSERT INTO sc VALUES('201530541371', 'CS1', 64);
INSERT INTO sc VALUES('201530541098', 'CS3', 65);
INSERT INTO sc VALUES('201530541098', 'CS5', 57);
INSERT INTO sc VALUES('201530541098', 'CS4', 86);
INSERT INTO sc VALUES('201530541418', 'CS3', 88);
INSERT INTO sc VALUES('201530541418', 'CS4', 85);
INSERT INTO sc VALUES('201530541418', 'CS1', 81);
INSERT INTO sc VALUES('201530541210', 'CS1', 93);
INSERT INTO sc VALUES('201530541210', 'CS4', 67);
INSERT INTO sc VALUES('201530541210', 'CS5', 66);
INSERT INTO sc VALUES('201530542545', 'CS2', 71);
INSERT INTO sc VALUES('201530542545', 'CS5', 65);
INSERT INTO sc VALUES('201530542545', 'CS1', 68);
INSERT INTO sc VALUES('201530541654', 'CS3', 79);
INSERT INTO sc VALUES('201530541654', 'CS1', 52);
INSERT INTO sc VALUES('201530541654', 'CS2', 94);
INSERT INTO sc VALUES('201530541043', 'CS5', 87);
INSERT INTO sc VALUES('201530541043', 'CS2', 60);
INSERT INTO sc VALUES('201530541043', 'CS4', 86);
INSERT INTO sc VALUES('201592450584', 'CS3', 96);
INSERT INTO sc VALUES('201592450584', 'CS4', 96);
INSERT INTO sc VALUES('201592450584', 'CS5', 65);
INSERT INTO sc VALUES('201530541807', 'CS2', 96);
INSERT INTO sc VALUES('201530541807', 'CS5', 100);
INSERT INTO sc VALUES('201530541807', 'CS4', 84);
INSERT INTO sc VALUES('201530542484', 'CS3', 80);
INSERT INTO sc VALUES('201530542484', 'CS1', 93);
INSERT INTO sc VALUES('201530542484', 'CS2', 82);
INSERT INTO sc VALUES('201530542613', 'CS3', 77);
INSERT INTO sc VALUES('201530542613', 'CS2', 60);
INSERT INTO sc VALUES('201530542613', 'CS4', 93);
INSERT INTO sc VALUES('201530542415', 'CS2', 87);
INSERT INTO sc VALUES('201530542415', 'CS5', 59);
INSERT INTO sc VALUES('201530542415', 'CS3', 76);
INSERT INTO sc VALUES('201530542286', 'CS1', 92);
INSERT INTO sc VALUES('201530542286', 'CS2', 60);
INSERT INTO sc VALUES('201530542286', 'CS5', 91);
INSERT INTO sc VALUES('201530541159', 'CS1', 91);
INSERT INTO sc VALUES('201530541159', 'CS3', 69);
INSERT INTO sc VALUES('201530541159', 'CS2', 80);
INSERT INTO sc VALUES('201536542334', 'CS2', 53);
INSERT INTO sc VALUES('201536542334', 'CS1', 56);
INSERT INTO sc VALUES('201536542334', 'CS3', 61);
INSERT INTO sc VALUES('201530541524', 'CS1', 58);
INSERT INTO sc VALUES('201530541524', 'CS4', 52);
INSERT INTO sc VALUES('201530541524', 'CS3', 51);
INSERT INTO sc VALUES('201530541340', 'CS5', 59);
INSERT INTO sc VALUES('201530541340', 'CS4', 65);
INSERT INTO sc VALUES('201530541340', 'CS3', 96);
INSERT INTO sc VALUES('201530541692', 'CS3', 94);
INSERT INTO sc VALUES('201530541692', 'CS5', 54);
INSERT INTO sc VALUES('201530541692', 'CS1', 100);
INSERT INTO sc VALUES('201530541234', 'EE3', 84);
INSERT INTO sc VALUES('201530541234', 'EE4', 67);
INSERT INTO sc VALUES('201530541234', 'EE2', 76);
INSERT INTO sc VALUES('201530542446', 'EE3', 100);
INSERT INTO sc VALUES('201530542446', 'EE4', 100);
INSERT INTO sc VALUES('201530542446', 'EE1', 69);
INSERT INTO sc VALUES('201530541913', 'EE1', 53);
INSERT INTO sc VALUES('201530541913', 'EE4', 71);
INSERT INTO sc VALUES('201530541913', 'EE2', 76);
INSERT INTO sc VALUES('201530661079', 'EE1', 91);
INSERT INTO sc VALUES('201530661079', 'EE2', 59);
INSERT INTO sc VALUES('201530661079', 'EE3', 89);
INSERT INTO sc VALUES('201530381885', 'EE1', 95);
INSERT INTO sc VALUES('201530381885', 'EE4', 98);
INSERT INTO sc VALUES('201530381885', 'EE3', 93);
INSERT INTO sc VALUES('201592450587', 'EE2', 85);
INSERT INTO sc VALUES('201592450587', 'EE3', 82);
INSERT INTO sc VALUES('201592450587', 'EE1', 84);
INSERT INTO sc VALUES('201530542347', 'EE4', 88);
INSERT INTO sc VALUES('201530542347', 'EE3', 96);
INSERT INTO sc VALUES('201530542347', 'EE2', 62);
INSERT INTO sc VALUES('201530541357', 'EE3', 89);
INSERT INTO sc VALUES('201530541357', 'EE2', 62);
INSERT INTO sc VALUES('201530541357', 'EE1', 61);
INSERT INTO sc VALUES('201530541302', 'EE2', 58);
INSERT INTO sc VALUES('201530541302', 'EE3', 70);
INSERT INTO sc VALUES('201530541302', 'EE4', 60);
INSERT INTO sc VALUES('201530541258', 'EE4', 88);
INSERT INTO sc VALUES('201530541258', 'EE1', 60);
INSERT INTO sc VALUES('201530541258', 'EE2', 51);
INSERT INTO sc VALUES('201530541975', 'EE3', 53);
INSERT INTO sc VALUES('201530541975', 'EE1', 73);
INSERT INTO sc VALUES('201530541975', 'EE2', 50);
INSERT INTO sc VALUES('201530542187', 'EE2', 78);
INSERT INTO sc VALUES('201530542187', 'EE4', 67);
INSERT INTO sc VALUES('201530542187', 'EE1', 94);
INSERT INTO sc VALUES('201530542033', 'EE3', 52);
INSERT INTO sc VALUES('201530542033', 'EE1', 56);
INSERT INTO sc VALUES('201530542033', 'EE4', 94);
INSERT INTO sc VALUES('201530541944', 'EE4', 50);
INSERT INTO sc VALUES('201530541944', 'EE1', 88);
INSERT INTO sc VALUES('201530541944', 'EE3', 82);
INSERT INTO sc VALUES('201530541845', 'EE3', 69);
INSERT INTO sc VALUES('201530541845', 'EE4', 54);
INSERT INTO sc VALUES('201530541845', 'EE2', 61);
INSERT INTO sc VALUES('201530541685', 'EE1', 84);
INSERT INTO sc VALUES('201530541685', 'EE4', 100);
INSERT INTO sc VALUES('201530541685', 'EE3', 55);
INSERT INTO sc VALUES('201530542149', 'EE4', 60);
INSERT INTO sc VALUES('201530542149', 'EE1', 92);
INSERT INTO sc VALUES('201530542149', 'EE2', 58);
INSERT INTO sc VALUES('201530542453', 'EE3', 85);
INSERT INTO sc VALUES('201530542453', 'EE4', 54);
INSERT INTO sc VALUES('201530542453', 'EE2', 69);
INSERT INTO sc VALUES('201530541937', 'EE3', 84);
INSERT INTO sc VALUES('201530541937', 'EE1', 95);
INSERT INTO sc VALUES('201530541937', 'EE2', 86);
INSERT INTO sc VALUES('201530541876', 'EE2', 62);
INSERT INTO sc VALUES('201530541876', 'EE1', 75);
INSERT INTO sc VALUES('201530541876', 'EE4', 71);
INSERT INTO sc VALUES('201530541166', 'EE1', 93);
INSERT INTO sc VALUES('201530541166', 'EE3', 55);
INSERT INTO sc VALUES('201530541166', 'EE2', 98);
INSERT INTO sc VALUES('201530541296', 'EE4', 62);
INSERT INTO sc VALUES('201530541296', 'EE1', 57);
INSERT INTO sc VALUES('201530541296', 'EE3', 51);
INSERT INTO sc VALUES('201530541463', 'EE4', 77);
INSERT INTO sc VALUES('201530541463', 'EE1', 64);
INSERT INTO sc VALUES('201530541463', 'EE2', 57);
INSERT INTO sc VALUES('201530541326', 'EE2', 100);
INSERT INTO sc VALUES('201530541326', 'EE4', 93);
INSERT INTO sc VALUES('201530541326', 'EE3', 56);
INSERT INTO sc VALUES('201535542519', 'EE3', 95);
INSERT INTO sc VALUES('201535542519', 'EE4', 55);
INSERT INTO sc VALUES('201535542519', 'EE1', 86);
INSERT INTO sc VALUES('201530541333', 'EE1', 69);
INSERT INTO sc VALUES('201530541333', 'EE4', 52);
INSERT INTO sc VALUES('201530541333', 'EE2', 88);
INSERT INTO sc VALUES('201530541456', 'EE4', 87);
INSERT INTO sc VALUES('201530541456', 'EE1', 84);
INSERT INTO sc VALUES('201530541456', 'EE3', 61);
INSERT INTO sc VALUES('201530541401', 'EE2', 79);
INSERT INTO sc VALUES('201530541401', 'EE3', 63);
INSERT INTO sc VALUES('201530541401', 'EE4', 53);
INSERT INTO sc VALUES('201530542378', 'EE2', 66);
INSERT INTO sc VALUES('201530542378', 'EE1', 84);
INSERT INTO sc VALUES('201530542378', 'EE4', 50);
INSERT INTO sc VALUES('201530371763', 'EE2', 84);
INSERT INTO sc VALUES('201530371763', 'EE1', 60);
INSERT INTO sc VALUES('201530371763', 'EE3', 56);
INSERT INTO sc VALUES('201530542576', 'EE4', 77);
INSERT INTO sc VALUES('201530542576', 'EE1', 53);
INSERT INTO sc VALUES('201530542576', 'EE2', 65);
INSERT INTO sc VALUES('201592450588', 'EE1', 72);
INSERT INTO sc VALUES('201592450588', 'EE4', 63);
INSERT INTO sc VALUES('201592450588', 'EE2', 76);
INSERT INTO sc VALUES('201530542293', 'EE4', 82);
INSERT INTO sc VALUES('201530542293', 'EE2', 80);
INSERT INTO sc VALUES('201530542293', 'EE1', 54);
INSERT INTO sc VALUES('201530542224', 'EE3', 50);
INSERT INTO sc VALUES('201530542224', 'EE4', 52);
INSERT INTO sc VALUES('201530542224', 'EE1', 54);
INSERT INTO sc VALUES('201530542002', 'EE2', 81);
INSERT INTO sc VALUES('201530542002', 'EE4', 52);
INSERT INTO sc VALUES('201530542002', 'EE1', 81);
INSERT INTO sc VALUES('201592450586', 'EE4', 82);
INSERT INTO sc VALUES('201592450586', 'EE3', 84);
INSERT INTO sc VALUES('201592450586', 'EE1', 56);
INSERT INTO sc VALUES('201530541388', 'EE3', 61);
INSERT INTO sc VALUES('201530541388', 'EE1', 86);
INSERT INTO sc VALUES('201530541388', 'EE4', 93);
INSERT INTO sc VALUES('201530542231', 'EE3', 94);
INSERT INTO sc VALUES('201530542231', 'EE1', 50);
INSERT INTO sc VALUES('201530542231', 'EE4', 87);
INSERT INTO sc VALUES('201530541623', 'EE2', 99);
INSERT INTO sc VALUES('201530541623', 'EE4', 56);
INSERT INTO sc VALUES('201530541623', 'EE1', 80);
INSERT INTO sc VALUES('201530371190', 'EE3', 80);
INSERT INTO sc VALUES('201530371190', 'EE1', 60);
INSERT INTO sc VALUES('201530371190', 'EE4', 77);